layers,lr,dropout,cv_rmse,cv_std
"[128, 64, 32]",0.0005,0.1,51006.816636473784,1220.2974827778987
"[128, 64]",0.001,0.1,51095.638996052,985.7252415335906
"[128, 64]",0.0005,0.2,51110.97954010679,810.0533629245463
"[128, 64, 32]",0.001,0.2,51357.2489637266,1080.46296148298
"[64, 32]",0.001,0.1,51697.02085802073,1283.3985112590922
"[64, 32]",0.001,0.2,51838.84899740786,1019.6763983140733
